CountryCode,Year,inflation_cpi_yoy,C1M_School closing,C2M_Workplace closing,C3M_Cancel public events,C4M_Restrictions on gatherings,C5M_Close public transport,C6M_Stay at home requirements,C7M_Restrictions on internal movement,C8EV_International travel controls,net_lending_gdp_lag1,broad_money_growth_lag2,demand_restrictions,supply_restrictions,restriction_index,inflation_cpi_yoy_dm,demand_restrictions_dm,supply_restrictions_dm,net_lending_gdp_lag1_dm,broad_money_growth_lag2_dm,restriction_index_dm
AGO,2022,21.3552901320822,0.0,0.7269406392694063,0.4191780821917808,0.1465753424657534,0.0520547945205479,0.1844748858447488,0.4767123287671233,0.3602739726027397,1.33347600868841,24.3007654229535,0.30673515981735155,0.3797564687975647,0.3380300065231571,-1.145646128222749,0.10919221569906497,0.14072262085960724,1.860776602673452,16.76534800076614,0.12270524648215447
AGO,2023,13.6441017767715,0.0,0.0,0.0,0.0,0.0,0.0,0.0,0.0,1.74000837806902,-9.32234729744459,0.0,0.0,0.0,-7.073938570593551,-0.054596107849532505,-0.07036131042980358,0.9792474002300207,-13.0181907021292,-0.061352623241077237
AGO,2024,28.2404948915772,0.0,0.0,0.0,0.0,0.0,0.0,0.0,0.0,-2.46468549298752,-1.41316825286512,0.0,0.0,0.0,8.219584698816309,-0.054596107849532505,-0.07036131042980358,-2.8400240029034713,-3.747157298636939,-0.061352623241077237
ARE,2022,5.29122604376849,0.2767123287671232,0.3716894977168949,0.5575342465753425,0.1787671232876712,0.1095890410958904,0.0,0.0794520547945205,0.2773972602739726,0.723420063993152,4.63080770411969,0.20393835616438355,0.25289193302891927,0.22491846053489883,1.009818877557203,0.040661013263753,0.05614626368051022,0.9349482902031419,-4.8280190455053535,0.047297549156648966
ARE,2023,1.62670837213248,0.0,0.0,0.0,0.0,0.0,0.0,0.0,0.0,0.0866519333868973,5.70929259769499,0.0,0.0,0.0,-0.8718028811389065,-0.020330506631876494,-0.028073131840255117,-0.9898814122271542,0.0900398655727006,-0.02364877457832447
ARE,2024,1.66336510224894,0.0,0.0,0.0,0.0,0.0,0.0,0.0,0.0,0.746043999715016,8.99537755314214,0.0,0.0,0.0,-0.13801599641828943,-0.020330506631876494,-0.028073131840255117,0.05493312202401324,4.737979179932642,-0.02364877457832447
ARG,2022,72.430757531824,0.0547945205479452,0.0,0.0,0.0,0.0068493150684931,0.0045662100456621,0.1095890410958904,0.1623287671232876,-4.37239542525685,66.3310972790224,0.028538812785388126,0.05639269406392689,0.04047619047619046,-70.92475717519629,-0.0762720156555773,-0.074853228962818,0.489290273489408,-5.115439160480005,-0.0756639642158233
ARG,2023,133.488935594175,0.0,0.0,0.0,0.0,0.0,0.0,0.0,0.0,-4.4270873191738,51.2817217703227,0.0,0.0,0.0,-8.083683199905412,0.03813600782778864,0.037426614481409014,-0.8534631922515827,-16.325240651676953,0.03783198210791165
ARG,2024,219.883929014578,0.0,0.0,0.0,0.0,0.0,0.0,0.0,0.0,-3.59487367608309,87.6857878752438,0.0,0.0,0.0,79.00844037510176,0.03813600782778864,0.037426614481409014,0.36417291876217517,21.440679812156944,0.03783198210791165
AZE,2022,13.8522590144267,0.6666666666666666,0.7251141552511414,1.0,0.4684931506849315,0.7506849315068493,0.0,0.7506849315068493,0.75,4.8140053131223,1.10683160695424,0.5547945205479452,0.7419330289193303,0.6349967384213959,4.14799788689321,0.2745651228527941,0.38217366094078425,-1.6585503367642054,-16.38092383204301,0.3206830677476471
AZE,2023,8.78543049849081,0.0,0.0,0.0,0.0,0.0,0.0,0.0,0.0,10.9992276560822,18.7105801361921,0.0,0.0,0.0,0.8640652838972187,-0.13728256142639705,-0.19108683047039215,3.238610434371652,5.062398714697602,-0.1603415338738235
AZE,2024,2.21217188919901,0.0,0.0,0.0,0.0,0.0,0.0,0.0,0.0,5.79513465618005,23.6048521799271,0.0,0.0,0.0,-5.012063170790423,-0.13728256142639705,-0.19108683047039215,-1.5800600976074488,11.318525117345395,-0.1603415338738235
BFA,2022,14.2902354303358,0.0,0.0,0.0,0.0,0.0,0.0082191780821917,0.0,0.25,-7.56798249695863,17.8188029823361,0.002054794520547925,0.08333333333333333,0.03688845401174167,6.4612737460245,-0.09392802783213743,-0.05689280278321372,1.639190346201743,2.458300061412304,-0.07805578852545583
BFA,2023,0.742910428668918,0.0,0.0,0.0,0.0,0.0,0.0,0.0,0.0,-11.0424403025089,16.8623216574748,0.0,0.0,0.0,-5.303155342702482,0.04696401391606871,0.028446401391606868,-3.123329031172569,5.341392754053759,0.039027894262727916
BFA,2024,4.19081721344523,0.0,0.0,0.0,0.0,0.0,0.0,0.0,0.0,-6.82039505428855,2.35938172904218,0.0,0.0,0.0,-1.1581184033220104,0.04696401391606871,0.028446401391606868,1.48413868497083,-7.79969281546607,0.039027894262727916
BGR,2022,15.3252589264366,0.0858447488584474,0.165296803652968,0.2054794520547945,0.1541095890410959,0.0,0.0,0.0,0.1246575342465753,-4.02052146509548,10.8841648659458,0.0898972602739726,0.09665144596651443,0.09279191128506196,4.832745013814273,-0.03536638399652098,-0.048014061027759666,-0.2710832990197316,-3.722161556206867,-0.040786817009908966
BGR,2023,9.44284140088564,0.0,0.0,0.0,0.0,0.0,0.0,0.0,0.0,-3.14711301963383,10.6987148417859,0.0,0.0,0.0,0.7332234012032135,0.017683191998260486,0.024007030513879833,-0.6857364253821232,-0.06803756286401708,0.020393408504954483
BGR,2024,2.44651943006079,0.0,0.0,0.0,0.0,0.0,0.0,0.0,0.0,-1.8899793377729,13.195097164808,0.0,0.0,0.0,-5.56596841501748,0.017683191998260486,0.024007030513879833,0.9568197244018553,3.7901991190708753,0.020393408504954483
BRA,2022,9.28010608956873,0.1625570776255707,0.0949771689497716,0.1424657534246575,0.0554794520547945,0.0,0.0,1.0,0.2828767123287671,-4.53656203189497,17.0242715916522,0.299486301369863,0.1259512937595129,0.2251141552511415,1.7787544330993654,0.10435964340073929,-0.028480829165760682,1.4842146599102586,-0.0005063465104999665,0.04742801230081073
BRA,2023,4.59356282283204,0.0,0.0,0.0,0.0,0.0,0.0,0.0,0.0,-4.46637752012501,12.2592082545636,0.0,0.0,0.0,-1.1248929206974232,-0.05217982170036964,0.014240414582880348,0.2663375998561768,-0.92599566609635,-0.023714006150405365
BRA,2024,4.36746407652337,0.0,0.0,0.0,0.0,0.0,0.0,0.0,0.0,-6.86868984767067,12.749851574354,0.0,0.0,0.0,-0.6538615124019351,-0.05217982170036964,0.014240414582880348,-1.750552259766435,0.9265020126068428,-0.023714006150405365
BWA,2022,11.665567478802,0.0410958904109589,0.0027397260273972,0.0,0.0,0.0,0.0,0.0,0.1636986301369863,-0.0911836669368312,5.89245991324916,0.0,0.055479452054794494,0.023776908023483357,3.72741538897308,-0.09529789084583605,-0.07546205696890627,0.642770767128328,-3.0207666804101265,-0.08679681918429469
BWA,2023,5.0676154934383,0.0,0.0,0.0,0.0,0.0,0.0,0.0,0.0,0.040986931231836,5.02038651534101,0.0,0.0,0.0,-1.0876406834507204,0.04764894542291802,0.037731028484453144,-0.5131202065270464,-0.05326606081552576,0.04339840959214735
BWA,2024,2.81835131676251,0.0,0.0,0.0,0.0,0.0,0.0,0.0,0.0,0.0390341092345532,6.78583095846939,0.0,0.0,0.0,-2.6397747055223526,0.04764894542291802,0.037731028484453144,-0.12965056060128077,3.074032741225647,0.04339840959214735
CHL,2022,11.643866711056,0.2493150684931507,0.2493150684931507,0.373972602739726,0.2575342465753424,0.0,0.0,0.0,0.25,-7.7231232384713,14.065633467554,0.1578767123287671,0.16643835616438354,0.161545988258317,2.3818300039410643,0.00995325070667534,-0.0014894542291802454,-3.9989324470111485,-1.3289282619584153,0.005049234305594397
CHL,2023,7.58168251407962,0.0,0.0,0.0,0.0,0.0,0.0,0.0,0.0,1.13200004000061,19.2852459032946,0.0,0.0,0.0,0.1025417199045826,-0.004976625353337684,0.0007447271145901296,3.568129259636721,7.730258191284939,-0.0025246171527971983
CHL,2024,4.29763891572524,0.0,0.0,0.0,0.0,0.0,0.0,0.0,0.0,-2.39074850018473,3.79180342377034,0.0,0.0,0.0,-2.484371723845639,-0.004976625353337684,0.0007447271145901296,0.4308031873744289,-6.401329929326533,-0.0025246171527971983
CIV,2022,5.23352856100843,0.0374429223744292,0.2073059360730593,0.0,0.0,0.0,0.0,0.0,0.234931506849315,-5.44868638404588,21.1007351049792,0.0,0.14741248097412477,0.0631767775603392,-0.5387058961506739,-0.09529789084583605,-0.014173371022686107,1.2946623342088488,1.810835768625461,-0.06053023949305748
CIV,2023,4.36972254867474,0.0,0.0,0.0,0.0,0.0,0.0,0.0,0.0,-7.17873716059206,18.7449777034031,0.0,0.0,0.0,0.3803840044555358,0.04764894542291802,0.0070866855113430535,-1.7234500141613727,3.294652384552114,0.030265119746528738
CIV,2024,3.45053028131019,0.0,0.0,0.0,0.0,0.0,0.0,0.0,0.0,-5.41192193440121,8.98298280676062,0.0,0.0,0.0,0.1583218916951452,0.04764894542291802,0.0070866855113430535,0.4287876799525252,-5.105488153177575,0.030265119746528738
CRI,2022,8.27477490232654,0.0493150684931506,0.1643835616438356,0.1232876712328767,0.1232876712328767,0.0,0.0821917808219178,0.1191780821917808,0.0595890410958904,-2.77815643386778,17.7769648530842,0.11198630136986301,0.07465753424657534,0.09598825831702543,4.058095772174248,-0.02064035659926071,-0.06267666884105239,-1.2507798604439948,6.699732971942694,-0.03865591898859999
CRI,2023,0.525193508693455,0.0,0.0,0.0,0.0,0.0,0.0,0.0,0.0,-0.0522988947814059,8.76885327082765,0.0,0.0,0.0,-1.908589708518937,0.010320178299630348,0.03133833442052619,0.18701610681833802,1.531195407188898,0.019327959494299995
CRI,2024,-0.412853001047069,0.0,0.0,0.0,0.0,0.0,0.0,0.0,0.0,0.439026284102866,-2.35512487440564,0.0,0.0,0.0,-2.149506063655302,0.010320178299630348,0.03133833442052619,1.0637637536256586,-8.230928379131601,0.019327959494299995
DNK,2022,7.6965669988926,0.028310502283105,0.05662100456621,0.0424657534246575,0.0,0.0,0.0,0.0,0.0595890410958904,3.89047649052018,9.83954459835281,0.010616438356164375,0.0387366818873668,0.02266797129810827,2.15094446907867,-0.08822026527505979,-0.08662390374719141,1.1622445172295857,0.6198744433499144,-0.08753611033454475
DNK,2023,3.30517811237606,0.0,0.0,0.0,0.0,0.0,0.0,0.0,0.0,3.33867888103347,-1.04652285023299,0.0,0.0,0.0,-0.45754850449797146,0.04411013263752989,0.04331195187359571,-0.6776146640811662,-6.426618987733132,0.043768055167272384
DNK,2024,1.37220049768918,0.0,0.0,0.0,0.0,0.0,0.0,0.0,0.0,3.14624122404317,9.82498632297056,0.0,0.0,0.0,-1.6933959645806915,0.04411013263752989,0.04331195187359571,-0.48462985314841767,5.80674454438321,0.043768055167272384
DOM,2022,8.81109209279587,0.0429223744292237,0.0429223744292237,0.0643835616438356,0.1287671232876712,0.0643835616438356,0.0,0.0,0.0767123287671232,-2.46543421506128,21.7508363792943,0.0482876712328767,0.06133942161339417,0.053881278538812756,1.7571386684613906,-0.06310611002391825,-0.07155541059650651,1.2732115438485687,5.062751192116902,-0.06672723884074178
DOM,2023,4.78561281021135,0.0,0.0,0.0,0.0,0.0,0.0,0.0,0.0,-3.1776265344522,13.7042096284029,0.0,0.0,0.0,-0.4854447011832299,0.03155305501195912,0.035777705298253255,-0.727042347366393,0.8556984587282557,0.03336361942037089
DOM,2024,3.30223338951227,0.0,0.0,0.0,0.0,0.0,0.0,0.0,0.0,-3.38217585149103,5.56820715991669,0.0,0.0,0.0,-1.2716939672781518,0.03155305501195912,0.035777705298253255,-0.5461691964821744,-5.918449650845162,0.03336361942037089
GBR,2022,7.92204883147902,0.0986301369863013,0.0977168949771689,0.1726027397260274,0.0924657534246575,0.1465753424657534,0.0,0.0,0.0520547945205479,-9.17408204070175,9.7064401774406,0.06626712328767123,0.09878234398782341,0.08020221787345072,0.5052118893917523,-0.05111980865405523,-0.04659346234688701,-1.1928900979597352,-2.6561170347549545,-0.04917994595098313
GBR,2023,6.79396706793963,0.0,0.0,0.0,0.0,0.0,0.0,0.0,0.0,-5.6017379653763,9.73272949147508,0.0,0.0,0.0,1.1600260387922638,0.025559904327027608,0.023296731173443504,1.091392405541673,1.2097462967822779,0.024589972975491564
GBR,2024,3.2715729463592,0.0,0.0,0.0,0.0,0.0,0.0,0.0,0.0,-6.97705514642296,8.60749957375268,0.0,0.0,0.0,-1.665237928184009,0.025559904327027608,0.023296731173443504,0.10149769241806172,1.4463707379726696,0.024589972975491564
GEO,2022,11.8981654203198,0.0146118721461187,0.1351598173515981,0.1794520547945205,0.084931506849315,0.0,0.0,0.0,0.1534246575342465,-5.89305711086226,24.6080157505345,0.06609589041095887,0.0961948249619482,0.0789954337899543,5.311976904715848,-0.0512339639051968,-0.04831847503080382,-1.6862463221924742,5.908914714192264,-0.049984468673314075
GEO,2023,2.48776056578715,0.0,0.0,0.0,0.0,0.0,0.0,0.0,0.0,-2.52017567938512,11.4110987014637,0.0,0.0,0.0,-2.3155320368769026,0.025616981952598396,0.02415923751540191,0.39857353746062385,-3.4484283173757824,0.024992234336657038
GEO,2024,1.10971758022096,0.0,0.0,0.0,0.0,0.0,0.0,0.0,0.0,-2.01649890003694,11.0371862631102,0.0,0.0,0.0,-2.9964448678389353,0.025616981952598396,0.02415923751540191,1.2876727847318525,-2.4604863968164903,0.024992234336657038
GTM,2022,6.88512823344287,0.6666666666666666,0.2456621004566209,0.6013698630136987,0.6636986301369863,0.4835616438356164,0.1068493150684931,0.0,0.1657534246575342,-1.14900209809302,18.0658483465903,0.3429794520547945,0.29832572298325716,0.32384213959556424,0.1436103448325312,0.13335507719069362,0.08643545698340215,0.9526981620875716,4.019334285318539,0.11324666853042586
GTM,2023,6.20657592272126,0.0,0.0,0.0,0.0,0.0,0.0,0.0,0.0,-1.70787872678475,8.02431661031368,0.0,0.0,0.0,1.2479539470508207,-0.06667753859534682,-0.04321772849170108,-0.8942400384281997,-2.18262343345533,-0.056623334265212946
GTM,2024,2.86992752918294,0.0,0.0,0.0,0.0,0.0,0.0,0.0,0.0,-1.25751927993897,7.008374832993,0.0,0.0,0.0,-1.3915642918833413,-0.06667753859534682,-0.04321772849170108,-0.05845812365937153,-1.8367108518632165,-0.056623334265212946
ISL,2022,8.3087551155892,0.0502283105022831,0.0502283105022831,0.0753424657534246,0.1164383561643835,0.0,0.0,0.0,0.0472602739726027,-7.08057458126445,7.36536446591488,0.047945205479452024,0.03249619482496193,0.04132420091324198,-0.7461844161263969,-0.06333442052620136,-0.09078422845546132,-2.7801354549147455,-4.681732067577052,-0.07509862392445563
ISL,2023,8.73630299937298,0.0,0.0,0.0,0.0,0.0,0.0,0.0,0.0,-2.55233129678637,10.8672085465442,0.0,0.0,0.0,1.4642593805972837,0.03166721026310068,0.045392114227730665,0.46004625773929364,2.6596860305550205,0.03754931196222781
ISL,2024,5.85683849970066,0.0,0.0,0.0,0.0,0.0,0.0,0.0,0.0,-1.07771082527326,8.86771419409841,0.0,0.0,0.0,-0.7180749644708779,0.03166721026310068,0.045392114227730665,2.3200891971754523,2.0220460370220223,0.03754931196222781
JOR,2022,4.22915568897117,0.0,0.1497716894977168,0.0808219178082191,0.2246575342465753,0.0,0.0,0.0,0.1212328767123287,-5.26503751900911,5.73527582553463,0.07636986301369861,0.0903348554033485,0.08235485975212,0.18464114044917324,-0.04438464883670365,-0.05222512140320361,0.42471215485410463,-3.32819085213438,-0.04774485136520361
JOR,2023,2.08486986327134,0.0,0.0,0.0,0.0,0.0,0.0,0.0,0.0,-4.48515275513556,7.03569292231946,0.0,0.0,0.0,-0.17674877231075747,0.022192324418351814,0.02611256070160181,-0.08346465309638651,1.8118002621532021,0.023872425682601808
JOR,2024,1.55659611283953,0.0,0.0,0.0,0.0,0.0,0.0,0.0,0.0,-5.12835807171994,5.37842889123464,0.0,0.0,0.0,-0.007892368138408656,0.022192324418351814,0.02611256070160181,-0.3412475017577181,1.5163905899811745,0.023872425682601808
KAZ,2022,15.0278644440851,0.1260273972602739,0.1159817351598173,0.2602739726027397,0.2602739726027397,0.0383561643835616,0.1178082191780822,0.2904109589041095,0.2068493150684931,-4.43154397559644,16.8638143050986,0.23219178082191777,0.12039573820395733,0.18427919112850616,0.7427926377088099,0.05949662970210913,-0.03218453286946439,-2.1452686827562,-3.3501720901314993,0.020204702885720488
KAZ,2023,14.7249900200331,0.0,0.0,0.0,0.0,0.0,0.0,0.0,0.0,0.908082609565766,20.7944085922016,0.0,0.0,0.0,2.2228141265967096,-0.029748314851054572,0.016092266434732203,1.9062963305819638,4.419996214474251,-0.010102351442860251
KAZ,2024,8.83943897452672,0.0,0.0,0.0,0.0,0.0,0.0,0.0,0.0,-1.14466383676501,13.9427338944718,0.0,0.0,0.0,-2.9656067643055124,-0.029748314851054572,0.016092266434732203,0.23897235217423685,-1.0698241243427553,-0.010102351442860251
KHM,2022,5.34370264895437,0.3123287671232876,0.1470319634703196,0.184931506849315,0.0780821917808219,0.0,0.0054794520547945,0.0438356164383561,0.1904109589041095,-5.16502013090928,15.2872472711995,0.07808219178082187,0.11248097412480969,0.09282452707110236,1.162991111648731,-0.04324309632528814,-0.03746104225556281,-1.4817515637220033,-1.021074940265958,-0.040765073152548695
KHM,2023,2.12746796594194,0.0,0.0,0.0,0.0,0.0,0.0,0.0,0.0,-0.366650655844595,16.4029214353518,0.0,0.0,0.0,-0.27034765842379826,0.02162154816264406,0.018730521127781417,2.02855633951864,3.934173241389093,0.02038253657627435
KHM,2024,0.808042016536654,0.0,0.0,0.0,0.0,0.0,0.0,0.0,0.0,-3.32743423908292,8.19379553392677,0.0,0.0,0.0,-0.8926434532249257,0.02162154816264406,0.018730521127781417,-0.5468047757966361,-2.9130983011231457,0.02038253657627435
KOR,2022,5.08951365062842,0.0337899543378995,0.1954337899543378,0.1465753424657534,0.2931506849315068,0.0,0.0,0.0,0.2719178082191781,-0.723170898823262,9.82376218361547,0.10993150684931505,0.15578386605783864,0.1295825179386823,-0.0010314053175441984,-0.02201021961295936,-0.008592447633543512,1.170657615094144,-2.1090084500899575,-0.016259745907495404
KOR,2023,3.5974562502901,0.0,0.0,0.0,0.0,0.0,0.0,0.0,0.0,-1.74784573119289,12.9335375506965,0.0,0.0,0.0,0.2898071072840356,0.011005109806479667,0.004296223816771763,-1.1420787890995256,4.840340934493824,0.008129872953747702
KOR,2024,2.32174328643542,0.0,0.0,0.0,0.0,0.0,0.0,0.0,0.0,-1.01976823601103,4.00000977288601,0.0,0.0,0.0,-0.28877570196648605,0.011005109806479667,0.004296223816771763,-0.02857882599461714,-2.7313324844038736,0.008129872953747702
MAR,2022,6.65704202759067,0.1433789954337899,0.3333333333333333,0.1643835616438356,0.021917808219178,0.0,0.0027397260273972,0.0,0.2842465753424658,-5.9768322910816,8.36179141868821,0.0472602739726027,0.20585996955859973,0.11523157208088715,0.6582546525504895,-0.06379104153076759,0.024791621366963876,-0.06652247284300783,-1.8083188422196486,-0.02582704314602552
MAR,2023,6.09114152504141,0.0,0.0,0.0,0.0,0.0,0.0,0.0,0.0,-5.2081096135921,5.09394192746299,0.0,0.0,0.0,1.8752500629411308,0.03189552076538378,-0.012395810683481931,-0.5858613671775497,-1.2365943159421153,0.012913521573012753
MAR,2024,0.985256592004507,0.0,0.0,0.0,0.0,0.0,0.0,0.0,0.0,-4.35528687431704,8.01359504265407,0.0,0.0,0.0,-2.533504715491615,0.03189552076538378,-0.012395810683481931,0.6523838400205593,3.044913158161755,0.012913521573012753
MDA,2022,28.7372976766235,0.0721461187214611,0.0958904109589041,0.2027397260273972,0.2027397260273972,0.0,0.0,0.0,0.0643835616438356,-1.93536291053598,19.6554901860289,0.1013698630136986,0.05342465753424657,0.08082191780821915,11.705642591520876,-0.027717982170036973,-0.0768319199826049,2.158728719493978,4.572405313490954,-0.04876681266113751
MDA,2023,13.4170104381299,0.0,0.0,0.0,0.0,0.0,0.0,0.0,0.0,-3.13255881003466,11.2814947779343,0.0,0.0,0.0,-1.8317487340328231,0.013858991085018486,0.038415959991302456,-0.32652875182874297,0.037983922899107014,0.024383406330568753
MDA,2024,4.67773516007052,0.0,0.0,0.0,0.0,0.0,0.0,0.0,0.0,-5.0236524937942,5.27126725973233,0.0,0.0,0.0,-9.873893857488046,0.013858991085018486,0.038415959991302456,-1.8321999676652347,-4.610389236390073,0.024383406330568753
MEX,2022,7.8962761916855,0.3159817351598173,0.2520547945205479,0.3013698630136986,0.0,0.1082191780821917,0.084931506849315,0.2835616438356164,0.25,-3.32386358596923,13.4400142059953,0.1674657534246575,0.20342465753424654,0.1828767123287671,0.42647121507128105,0.01634594477060229,0.023168080017395107,1.3460186677845618,0.33568579632267515,0.019269717019227778
MEX,2023,5.52796087314389,0.0,0.0,0.0,0.0,0.0,0.0,0.0,0.0,-4.30934820885304,9.50768951064234,0.0,0.0,0.0,-0.15894819053043108,-0.008172972385301146,-0.011584040008697533,-0.9275275269232894,0.24293511847246663,-0.009634858509613896
MEX,2024,4.72225588452932,0.0,0.0,0.0,0.0,0.0,0.0,0.0,0.0,-4.18573429071407,7.32427911846193,0.0,0.0,0.0,-0.26752302454084287,-0.008172972385301146,-0.011584040008697533,-0.41849114086127104,-0.5786209147951524,-0.009634858509613896
MUS,2022,10.7737512242899,0.0748858447488584,0.0082191780821917,0.3945205479452054,0.4013698630136986,0.0,0.0,0.0,0.1143835616438356,-12.3942651708396,16.8810646905944,0.198972602739726,0.04086757990867577,0.13121330724070446,2.2090253483562963,0.03735051098064797,-0.08520330506631875,-3.762500516998537,3.538797794623953,-0.015172553039480646
MUS,2023,7.05298238454736,0.0,0.0,0.0,0.0,0.0,0.0,0.0,0.0,-5.51265408315371,8.84810654987261,0.0,0.0,0.0,0.2711524215536567,-0.018675255490323978,0.04260165253315939,1.8310489988633103,-0.6545863285950855,0.007586276519740316
MUS,2024,3.6045220384796,0.0,0.0,0.0,0.0,0.0,0.0,0.0,0.0,-5.79767403180484,5.25662705352603,0.0,0.0,0.0,-2.480177769909945,-0.018675255490323978,0.04260165253315939,1.931451518135229,-2.884211466028873,0.007586276519740316
MYS,2022,3.37869862549928,0.1114155251141552,0.2429223744292237,0.1671232876712328,0.0054794520547945,0.0,0.0,0.0027397260273972,0.2082191780821917,-6.37634853380791,4.59324770584525,0.04383561643835612,0.15038051750380513,0.08949771689497713,-0.6094968450806437,-0.06607414655359863,-0.01219468000289918,-0.011314832906648586,-3.136851997136981,-0.04298294660329886
MYS,2023,2.48886560125754,0.0,0.0,0.0,0.0,0.0,0.0,0.0,0.0,-5.52925395881785,5.55903409397078,0.0,0.0,0.0,0.28356604361751536,0.03303707327679931,0.006097340001449604,-0.4522818297406297,1.6685084084913022,0.021491473301649428
MYS,2024,1.834100204499,0.0,0.0,0.0,0.0,0.0,0.0,0.0,0.0,-4.99879793435299,3.99701491521236,0.0,0.0,0.0,0.32593080146313547,0.03303707327679931,0.006097340001449604,0.4635966626472783,1.4683435886456735,0.021491473301649428
NOR,2022,5.76412317852272,0.0502283105022831,0.0666666666666666,0.0424657534246575,0.084931506849315,0.0,0.0383561643835616,0.0,0.0287671232876712,9.88845566684575,12.158774076833,0.04143835616438352,0.0318112633181126,0.037312459230267415,-0.465942279598611,-0.06767232006958036,-0.09124084946002754,-7.227345731578354,-0.2573582730475472,-0.077773118379772
NOR,2023,5.51784987104659,0.0,0.0,0.0,0.0,0.0,0.0,0.0,0.0,26.3008544533705,10.5019184861607,0.0,0.0,0.0,1.07068032586516,0.033836160034790175,0.04562042473001378,7.896991483122355,1.9253601537829041,0.038886559189886
NOR,2024,3.14530134431073,0.0,0.0,0.0,0.0,0.0,0.0,0.0,0.0,17.3487947507811,5.54670209272964,0.0,0.0,0.0,-0.6047380462665419,0.033836160034790175,0.04562042473001378,-0.6696457515439977,-1.668001880735364,0.038886559189886
NZL,2022,7.17222476016441,0.0931506849315068,0.0931506849315068,0.1397260273972602,0.1397260273972602,0.0,0.0,0.1095890410958904,0.3527397260273973,-1.92474970423924,12.1779427157231,0.0972602739726027,0.14863013698630137,0.11927592954990211,0.4751889621585761,-0.03045770819743425,-0.013361600347901695,1.4848989621973283,2.14096798148465,-0.023130804833348867
NZL,2023,5.73316283034957,0.0,0.0,0.0,0.0,0.0,0.0,0.0,0.0,-3.45250676072301,7.05943403469145,0.0,0.0,0.0,0.8190229452836348,0.015228854098717118,0.006680800173950854,-1.330919666110483,0.8620333179557509,0.011565402416674433
NZL,2024,2.92279782301957,0.0,0.0,0.0,0.0,0.0,0.0,0.0,0.0,-2.66098885862242,1.8325450583825,0.0,0.0,0.0,-1.2942119074422056,0.015228854098717118,0.006680800173950854,-0.15397929608684446,-3.003001299440406,0.011565402416674433
POL,2022,14.4294507575758,0.3643835616438356,0.1315068493150684,0.0698630136986301,0.1212328767123287,0.0,0.0,0.0,0.1041095890410958,-2.30300903469373,16.4293093435368,0.0477739726027397,0.07853881278538806,0.060958904109589,3.094268887809484,-0.06344857577734292,-0.06008914981517724,1.7105792977090086,3.2189137499523763,-0.062008821793557614
POL,2023,11.5289127961105,0.0,0.0,0.0,0.0,0.0,0.0,0.0,0.0,-3.0056919876808,8.91363801981589,0.0,0.0,0.0,1.9766268392840836,0.031724287888671446,0.030044574907588623,-0.2801652271021027,-0.45718355626578244,0.031004410896778804
POL,2024,3.7842600751287,0.0,0.0,0.0,0.0,0.0,0.0,0.0,0.0,-4.54136329910865,5.24723702348228,0.0,0.0,0.0,-5.070895727093559,0.031724287888671446,0.030044574907588623,-1.4304140706069046,-2.761730193686599,0.031004410896778804
PRY,2022,9.76556667164402,0.1242009132420091,0.1242009132420091,0.1945205479452054,0.108904109589041,0.0,0.0,0.0,0.2041095890410958,-3.38554658369459,19.2223570247061,0.0758561643835616,0.10943683409436829,0.09024787997390733,2.2669285971617326,-0.04472711459012832,-0.03949046894252374,0.6248618145338316,5.657699687491601,-0.042482837884012054
PRY,2023,4.63202285403356,0.0,0.0,0.0,0.0,0.0,0.0,0.0,0.0,-2.6377298306874,8.308153991536,0.0,0.0,0.0,-1.0837193075088276,0.02236355729506415,0.019745234471261884,0.08461699571698045,-1.4169293281757458,0.021241418942006027
PRY,2024,3.83540271728533,0.0,0.0,0.0,0.0,0.0,0.0,0.0,0.0,-3.81724810457824,4.12245860148309,0.0,0.0,0.0,-1.1832092896529005,0.02236355729506415,0.019745234471261884,-0.7094788102508112,-4.240770359315864,0.021241418942006027
RWA,2022,17.6892095588153,0.1114155251141552,0.2100456621004565,0.121917808219178,0.121917808219178,0.147945205479452,0.1150684931506849,0.4876712328767123,0.1541095890410959,-5.34706137584831,21.4279673585105,0.2116438356164383,0.17070015220700144,0.19409654272667964,3.1852193295644327,0.04579799956512283,0.001351743132565017,-0.17353180384215117,-2.4569309402409676,0.026749603951169487
RWA,2023,19.789546746467,0.0,0.0,0.0,0.0,0.0,0.0,0.0,0.0,-3.89082459607102,18.2715266588691,0.0,0.0,0.0,7.068452430156032,-0.022898999782561408,-0.0006758715662825016,-0.005356595888902582,-1.7737976223796164,-0.013374801975584744
RWA,2024,1.77029240198635,0.0,0.0,0.0,0.0,0.0,0.0,0.0,0.0,-4.09200206837411,22.9141984849565,0.0,0.0,0.0,-10.253671759720458,-0.022898999782561408,-0.0006758715662825016,0.17888839973105597,4.230728562620577,-0.013374801975584744
SEN,2022,9.69681899081073,0.0,0.0,0.0,0.0,0.0,0.0,0.0,0.25,-5.95485091099807,12.3385377863321,0.0,0.08333333333333333,0.03571428571428571,2.7955782382043077,-0.09529789084583605,-0.05689280278321372,0.2664145976271617,-7.091515858263204,-0.07883856739042647
SEN,2023,5.93947798773215,0.0,0.0,0.0,0.0,0.0,0.0,0.0,0.0,-5.57411567303937,15.340598354988,0.0,0.0,0.0,0.821133148065627,0.04764894542291802,0.028446401391606868,-0.6409117362381793,-0.2498812721045507,0.039419283695213234
SEN,2024,0.804503298792438,0.0,0.0,0.0,0.0,0.0,0.0,0.0,0.0,-4.94412926611322,21.5700223985475,0.0,0.0,0.0,-3.6167113862699267,0.04764894542291802,0.028446401391606868,0.3744971386110194,7.341397130367742,0.039419283695213234
SLV,2022,7.19861615609867,0.3433789954337899,0.3333333333333333,0.2506849315068493,0.2931506849315068,0.0,0.0,0.0,0.0164383561643835,-2.89913556178843,8.87235395107724,0.13595890410958902,0.1165905631659056,0.12765818656229613,1.7449936989737775,-0.004658621439443358,-0.03472131622816553,0.6456711363474619,0.5987015591157636,-0.017542633491752863
SLV,2023,4.04554694222477,0.0,0.0,0.0,0.0,0.0,0.0,0.0,0.0,-2.727005734525,2.25799085747399,0.0,0.0,0.0,0.37482039803977685,0.002329310719721679,0.01736065811408278,-0.47026060821314974,-2.1760875169847367,0.008771316745876424
SLV,2024,0.853782292567288,0.0,0.0,0.0,0.0,0.0,0.0,0.0,0.0,-2.81757812236921,4.6496099734149,0.0,0.0,0.0,-2.1198140970135473,0.002329310719721679,0.01736065811408278,-0.17541052813431124,1.577385957868966,0.008771316745876424
SWE,2022,8.36929098869189,0.0356164383561643,0.0100456621004566,0.0534246575342465,0.0821917808219178,0.0,0.0255707762557077,0.0,0.0616438356164383,-0.66385369599244,18.1336662046918,0.040296803652968,0.023896499238964964,0.03326810176125242,0.36373950572349045,-0.06843335507719071,-0.09651735884612596,-0.05112131416452659,4.6359342823429195,-0.08046935669244867
SWE,2023,8.54862489748902,0.0,0.0,0.0,0.0,0.0,0.0,0.0,0.0,0.714787373321883,10.4475315520707,0.0,0.0,0.0,2.325969327460519,0.03421667753859535,0.048258679423062986,0.039458183325755236,0.789373647224572,0.04023467834622433
SWE,2024,2.83581658224034,0.0,0.0,0.0,0.0,0.0,0.0,0.0,0.0,0.301569852911852,2.87099561636584,0.0,0.0,0.0,-2.689708833184003,0.03421667753859535,0.048258679423062986,0.011663130838772684,-5.425307929567495,0.04023467834622433
TGO,2022,7.96757361617945,0.0821917808219178,0.2885844748858447,0.6808219178082192,0.75,0.0,0.5077625570776255,0.0,0.3212328767123287,-4.78087108161796,11.5850928864143,0.4846461187214611,0.20327245053272447,0.36405740378343115,1.1067729431885436,0.22779952163513806,0.023066608683047038,2.1215966276345055,-4.504352760886231,0.14005684465567048
TGO,2023,5.48928568141131,0.0,0.0,0.0,0.0,0.0,0.0,0.0,0.0,-7.56898246697899,12.2797760765898,0.0,0.0,0.0,0.411380921360303,-0.11389976081756902,-0.011533304341523512,-1.9545763295505663,0.029904446792018646,-0.07002842232783525
TGO,2024,2.86262074089801,0.0,0.0,0.0,0.0,0.0,0.0,0.0,0.0,-6.16684890343541,15.3624655849792,0.0,0.0,0.0,-1.5181538645488395,-0.11389976081756902,-0.011533304341523512,-0.16702029808393792,4.474448314094211,-0.07002842232783525
THA,2022,-1.61068030486688,0.3735159817351597,0.4073059360730593,0.3178082191780822,0.3294520547945205,0.0,0.0,0.1945205479452054,0.2554794520547945,-7.03367097198837,10.159916138524,0.21044520547945206,0.2209284627092846,0.21493803000652315,-5.776046580804504,0.04499891280713199,0.034837283467420474,-1.6049604961866613,0.8659828843679094,0.04064392880439849
THA,2023,8.47805174421543,0.0,0.0,0.0,0.0,0.0,0.0,0.0,0.0,-4.86113869107009,4.80510932600992,0.0,0.0,0.0,6.0955813812177055,-0.022499456403566,-0.017418641733710216,-0.7204897870924225,-0.6492499106434195,-0.020321964402199244
THA,2024,1.36580540798037,0.0,0.0,0.0,0.0,0.0,0.0,0.0,0.0,-2.20062108862163,3.87577190401605,0.0,0.0,0.0,-0.3195348004131944,-0.022499456403566,-0.017418641733710216,2.3254502832790855,-0.21673297372449696,-0.020321964402199244
TON,2022,10.9713652903022,0.3990867579908675,0.439269406392694,0.4575342465753425,0.4383561643835616,0.2630136986301369,0.4913242009132419,0.589041095890411,0.6856164383561644,-0.868420937349848,17.4805288891808,0.4940639269406393,0.4626331811263317,0.48059360730593603,2.7150108949893506,0.23407806044792345,0.19597376241211856,-1.3296014298741743,2.0639837296946197,0.21774764700400712
TON,2023,6.35112980255189,0.0,0.0,0.0,0.0,0.0,0.0,0.0,0.0,-0.816092082015448,16.1189729727304,0.0,0.0,0.0,-0.12232867982105944,-0.11703903022396174,-0.09798688120605926,-2.5653341463638157,4.5420018307469725,-0.10887382350200353
TON,2024,3.18364611260051,0.0,0.0,0.0,0.0,0.0,0.0,0.0,0.0,5.25875517266331,3.60913122262904,0.0,0.0,0.0,-2.5926822151682813,-0.11703903022396174,-0.09798688120605926,3.894935576237991,-6.605985560441596,-0.10887382350200353
UGA,2022,7.1957888597581,0.1214611872146118,0.6666666666666666,0.2917808219178082,0.2397260273972602,0.9671232876712328,0.0438356164383561,0.010958904109589,0.25,-7.93130401839399,17.1323242180716,0.14657534246575338,0.6279299847792998,0.352870189171559,0.4847756751209005,0.0024190041313328775,0.30617163151409726,-0.6622206501715859,4.228502545697578,0.13259870158108905
UGA,2023,5.35094804280395,0.0,0.0,0.0,0.0,0.0,0.0,0.0,0.0,-6.74284901708679,5.03542937653591,0.0,0.0,0.0,0.4228307711066499,-0.0012095020656664388,-0.15308581575704866,-0.7618272206884273,-4.028818278335358,-0.06629935079054453
UGA,2024,3.3233806708656,0.0,0.0,0.0,0.0,0.0,0.0,0.0,0.0,-4.9423963934614,7.50270902859625,0.0,0.0,0.0,-0.9076064462275415,-0.0012095020656664388,-0.15308581575704866,1.4240478708600115,-0.1996842673622261,-0.06629935079054453
UKR,2022,20.1836366617478,0.0767123287671232,0.147945205479452,0.2219178082191781,0.0,0.1835616438356164,0.073972602739726,0.2301369863013698,0.3226027397260274,-3.53360366430991,28.6236079216128,0.13150684931506848,0.21803652968036524,0.16859099804305283,5.58444813782107,-0.007626657969123721,0.032909328114807554,10.56301186176874,5.156438875995297,0.009745907495418288
UKR,2023,12.8490222828559,0.0,0.0,0.0,0.0,0.0,0.0,0.0,0.0,-16.9916325546648,11.9648544109257,0.0,0.0,0.0,0.03272967186906861,0.0038133289845618604,-0.01645466405740377,-4.183078600410193,-7.662740617189048,-0.004872953747709137
UKR,2024,6.50198464669254,0.0,0.0,0.0,0.0,0.0,0.0,0.0,0.0,-19.5739096835362,20.7720424103957,0.0,0.0,0.0,-5.6171778096901335,0.0038133289845618604,-0.01645466405740377,-6.379933261358545,2.5063017411937416,-0.004872953747709137
USA,2022,8.00279982052121,0.3890410958904109,0.3333333333333333,0.1506849315068493,0.1589041095890411,0.4123287671232877,0.2191780821917808,0.1273972602739726,0.25,-12.8565955081564,17.1995063481486,0.16404109589041094,0.3318873668188737,0.23597521200260926,1.5589380239871744,0.014062839747771241,0.10880988620714653,-3.926691556590161,3.114709839056598,0.05466871680178925
USA,2023,4.11633838374488,0.0,0.0,0.0,0.0,0.0,0.0,0.0,0.0,-4.48836352890327,16.8566833650737,0.0,0.0,0.0,-0.5446274998492555,-0.007031419873885628,-0.05440494310357326,3.153478850838927,6.61146087348445,-0.027334358400894612
USA,2024,2.94952520485207,0.0,0.0,0.0,0.0,0.0,0.0,0.0,0.0,-7.25405214191401,-0.842802579864598,0.0,0.0,0.0,-1.0143105241379082,-0.007031419873885628,-0.05440494310357326,0.7732127057512352,-9.726170712541055,-0.027334358400894612
UZB,2022,11.4466436998836,0.0977168949771689,0.0721461187214611,0.3465753424657534,0.2047945205479452,0.0,0.0,0.1315068493150684,0.210958904109589,-4.18824947629156,17.7006473999362,0.17071917808219175,0.09436834094368336,0.13799739073711673,-0.31815998428791836,0.018514894542291785,-0.049536131042980366,0.548619291139802,-11.164092949770566,-0.010649830708539115
UZB,2023,9.95659071258018,0.0,0.0,0.0,0.0,0.0,0.0,0.0,0.0,-3.55671090328651,29.6776167679218,0.0,0.0,0.0,-0.02531705865143863,-0.0092574472711459,0.02476806552149019,-0.10790370767918933,4.652450435717784,0.005324915354269565
UZB,2024,9.62825465956682,0.0,0.0,0.0,0.0,0.0,0.0,0.0,0.0,-4.27494524699098,30.174954487344,0.0,0.0,0.0,0.34347704293936054,-0.0092574472711459,0.02476806552149019,-0.44071558346061135,6.511642514052774,0.005324915354269565
ZAF,2022,7.03987272546482,0.0456621004566209,0.3141552511415524,0.3438356164383561,0.2904109589041095,0.2356164383561644,0.0,0.0,0.1178082191780822,-4.55050349622387,9.42732646118054,0.15856164383561638,0.22252663622526633,0.18597521200260922,-0.20652428018017588,0.010409871711241539,0.03590273247807495,0.48167062677453165,-1.5113535377280307,0.02133538346845587
ZAF,2023,6.0752438457966,0.0,0.0,0.0,0.0,0.0,0.0,0.0,0.0,-4.14746885999561,5.70998519867421,0.0,0.0,0.0,0.6117427530915034,-0.005204935855620776,-0.017951366239037467,-0.4033563088212495,-1.3891207827316094,-0.010667691734227935
ZAF,2024,4.36115246518962,0.0,0.0,0.0,0.0,0.0,0.0,0.0,0.0,-4.20784933705069,8.63772594295266,0.0,0.0,0.0,-0.40521847291131863,-0.005204935855620776,-0.017951366239037467,-0.07831431795328125,2.900474320459633,-0.010667691734227935
